<?xml version="1.0" encoding="utf-8"?>
<odoo>

    <record model="ir.module.category" id="module_category_estimator">
        <field name="name">Estimator Management</field>
        <field name="description">Estimator Category</field>
        <field name="sequence">18</field>
    </record>

    <record id="group_worker_estimator" model="res.groups">
        <field name="name">Estimator / Worker</field>
        <field name="category_id" ref="module_category_estimator"/>
    </record>

    <record id="group_manager_estimator" model="res.groups">
        <field name="name">Estimator / Manager</field>
        <field name="category_id" ref="module_category_estimator"/>
    </record>


</odoo>
